#masterid,F0design(GHz),F0measured(GHz),errF0measured(GHz),S31,errS31,Ql,errQl
249,220.0,205.07546973908845,0.0032627049349535065,0.13775191842005066,0.001325958917713257,302.49048246178927,4.118652594989001
398,220.44,205.48204967204865,0.0027107106678139047,0.12599973030673195,0.0008903393870064044,267.7438304505002,2.6757852401513937
224,220.88088,205.94749985847275,0.0017820771629233137,0.21351168681360191,0.0012708262045794856,343.95731708635657,2.895773825718122
373,221.322642,206.24976121535596,0.0019360503274923114,0.1360975958141692,0.0007651048871636023,299.47971842311426,2.381537613513891
199,221.765287,206.60691435314112,0.001165132467502889,0.20173158373474256,0.0008839227184421633,388.48371605553353,2.407399474138258
348,222.208818,207.0568944031552,0.0024619336738309072,0.11944873354893004,0.0008103342542129903,285.28049245739555,2.737333257499167
174,222.653235,207.50343150623027,0.0014818704201436453,0.23703143813397962,0.001373792044832144,405.8705647786636,3.327361243712705
323,223.098542,207.88275074676372,0.0026283453839576025,0.1235324554570482,0.0008918509121910609,285.42417909453826,2.9137704203957
149,223.544739,208.2270490877626,0.001549417083477359,0.19437286401670342,0.0010063612721781159,347.87744395160496,2.5471502259926706
298,223.991828,208.6683360921887,0.0020000940627389577,0.09753228150189869,0.0006061879388813764,324.22014267634614,2.8499554526763164
124,224.439812,209.0961576275336,0.0011296769284979795,0.1901791719465099,0.0008680807506937639,422.3954377159654,2.7265224333717972
446,224.888692,209.43888162740654,0.0024712457657220114,0.12396102493339484,0.0008274741934914761,282.9210918032387,2.6714116576788705
273,225.338469,209.83370203794868,0.0019264870779062378,0.2001241915931208,0.0011420143149727436,310.73351322522035,2.5075035968991046
422,225.789146,210.25766703512986,0.0019500084086329869,0.11561225699555089,0.0006565011673367406,306.14516252632046,2.458652725398808
248,226.240724,210.67153965641046,0.0010572715155372295,0.2318605949923599,0.0009693667258392011,416.5086385963533,2.4625513935870567
397,226.693206,211.02487986342075,0.003178515276905555,0.10163942578745774,0.0007708131470411192,251.707534421985,2.6993777492095328
223,227.146592,211.4541066540609,0.002138399652904176,0.16822575033530437,0.0009850716254987762,289.4682265771202,2.396886004174832
372,227.600885,211.8521556135889,0.0017021053328039493,0.1231477726317841,0.0006808951329890235,344.0906667119518,2.6906102635016844
198,228.056087,212.28072184510322,0.0009930789775054465,0.2732582832235311,0.0009840197334826679,384.8708115996305,1.9599979076190477
347,228.512199,212.67377336555566,0.0017413191923894527,0.21237177994636755,0.0011824785598348467,340.09310553588654,2.6784909436057704
173,228.969224,213.1753733615363,0.00224010805619887,0.21169677965562855,0.0012943048194009093,290.8631963987174,2.514652650048982
322,229.427162,213.54591675123024,0.0020112712026434396,0.1747062970479155,0.0010105090966656505,307.07658971304403,2.511999518709035
148,229.886016,213.97211278567545,0.0011111611087255132,0.29351740145887445,0.0011519823948679243,377.91252642244075,2.097704197695539
297,230.345788,214.43492830169427,0.001727576333201707,0.15648726481569875,0.000874840833999911,346.936197123683,2.7428138996538003
123,230.80648,214.82591993860774,0.0022155285096831,0.1775485848149492,0.0010349746154203574,282.6579847216478,2.33051038665038
445,231.268093,215.22332227786595,0.0017323758807722626,0.15500637540328774,0.0008466618099506159,339.2499754349102,2.6203171201313813
272,231.730629,215.60745227632677,0.0010621664629412526,0.2351867281146905,0.0008916588180624822,384.7930318775081,2.0631492516438454
421,232.19409,216.13283794845123,0.0018960352710855972,0.14319956160403785,0.0008370774443557369,333.2307342365615,2.7551646624942308
247,232.658479,216.66114374491124,0.002472629328778945,0.20057377928998293,0.0013677299322433427,298.8016398368931,2.8819064228743314
222,233.590043,217.28237697095335,0.0012371226606224563,0.24236681156219678,0.0010346625292950878,374.86263460324,2.2630155872773456
371,234.057223,217.73772776574813,0.0026353236752235786,0.09789915881386536,0.0006417566404795391,270.8599798572614,2.511443229123537
197,234.525338,218.13897928166963,0.0014284476951784164,0.24481688907657098,0.001187111387759377,370.2157129562104,2.538605994949346
346,234.994388,218.53540943909718,0.0027037725342865357,0.08912050258799997,0.0006048449336016482,274.2412403585153,2.631928808404044
172,235.464377,218.9655992803582,0.0011657224507270075,0.182701833803524,0.0007199559710473486,370.1068087764312,2.062609982179335
321,235.935306,219.4349901112737,0.001859850735746887,0.11707259590593787,0.0006874940290533146,346.43157272558784,2.877085419382309
147,236.407176,219.8805424769751,0.0018443228234560087,0.1979911732957875,0.0010899406292048926,328.09523953106464,2.5539570500628126
296,236.879991,220.27712049835432,0.0021529682063253655,0.1399859241649231,0.0008267545774049507,302.0808299771116,2.5227648481631
122,237.353751,220.6647870284846,0.00140767075409116,0.21419292643187698,0.0009890703409519963,361.89470014315157,2.3631334363652976
444,237.828458,221.10965748574213,0.0014304731893669338,0.1457662368575087,0.0007055245057325996,374.109247959677,2.5609731273183938
271,238.304115,221.54877088866715,0.002563693213956673,0.1775439432023658,0.001161779817913809,282.79372862577026,2.6173887709939523
420,238.780723,221.9478677376883,0.0024128425265919863,0.13902001118970414,0.000913069850081692,302.12748784699636,2.8066670391468933
246,239.258285,222.30657901841383,0.0013190905129381082,0.22366845098868784,0.0010371582502691876,390.7982941973305,2.5630610978130455
395,239.736801,222.87486420879824,0.002417761326550921,0.13142459818382418,0.0008734447004251773,306.26491441522893,2.8781279061829657
221,240.216275,223.28160210587808,0.0015859183405422081,0.22707788834118142,0.001195425255084124,370.56560666447666,2.758732629329484
370,240.696708,223.6677017675109,0.0027618978853077014,0.1221878876101387,0.0008913112833068721,295.3428326258545,3.0465783982301433
196,241.178101,224.0463596145198,0.0016370073978968476,0.2153268597922793,0.0011027622231777879,350.5084282233776,2.538886567900711
345,241.660457,224.59762494236497,0.0016811303814943575,0.1736153721013436,0.0009207739524821205,354.2249706587594,2.656523321569802
171,242.143778,224.92736662232235,0.0016931583086036118,0.19685922614951293,0.0010653135853616702,359.4782921407009,2.7513042936582024
320,242.628066,225.30290422668702,0.0032338006531968033,0.07155942156834445,0.0005112734371772065,248.87269999613824,2.514518223365751
146,243.113322,226.20791097678577,0.005773353801516208,0.0960060139313708,0.0008924830364016495,182.1461308634613,2.3949729453004043
443,244.574921,227.17934463593542,0.002188665988557701,0.14932199605642638,0.0007977772028056956,277.3057604237078,2.0954000457191304
270,245.064071,227.62079487041734,0.0012737111918860926,0.2244351369536979,0.0009317974559775537,370.9143500818482,2.1775448289487525
419,245.554199,228.06388201436314,0.001674456618973465,0.1642466992279907,0.0007938445201450589,329.16150492957416,2.2499752267213005
245,246.045307,228.55565456769554,0.0015652710692707866,0.21068506016683186,0.000931094280741671,322.62456746334067,2.01625642532088
394,246.537398,228.99140269309828,0.0019581864017591643,0.13781348067194427,0.0006680562843633598,283.46807750310296,1.94348037985654
220,247.030473,229.3892482575765,0.00122069417210389,0.2182719252853492,0.0008141663812046558,350.4578568260133,1.8486493866480354
369,247.524534,229.92218965468007,0.0015810416225827714,0.14846444362418526,0.000631888364296889,309.4400398662399,1.8623937472125847
195,248.019583,230.3787709437929,0.0014942507340227147,0.2595266063300643,0.0012390377964396546,368.0118614883361,2.4846020105616646
344,248.515622,230.68565447121972,0.0014655311154172328,0.1822205287358749,0.0007905073540281216,341.45877741816787,2.0950265107911807
170,249.012653,231.02724833878614,0.0012251080770858936,0.28387699688848883,0.0010217309342150083,339.33912070609665,1.727155569406922
319,249.510679,231.63773098708788,0.0017625696962706564,0.17088151656627779,0.0006562881276716919,252.40107627690517,1.3710557514079666
145,250.0097,232.1103967415361,0.0009889800088190915,0.23137496817818326,0.0007141677868173358,362.19713871893987,1.5810004846242816
294,250.509719,232.5268217686577,0.001392420543368834,0.1599392857884364,0.000616494696892831,321.8265053508477,1.7542519630318185
120,251.010739,232.95671519008465,0.000942712621175404,0.17427614315153814,0.0004863741947364021,344.8310145839167,1.3610080931562734
442,251.51276,233.4267013261447,0.0009127435754630455,0.17027397324618754,0.0004659858847423217,349.9570241156472,1.3544698184474149
269,252.015786,233.91346779005067,0.0012405634153699002,0.22870050057147454,0.0007874067912128392,324.57148873541325,1.5802871209588538
418,252.519817,234.34949313255532,0.0012659596748554813,0.17735563015440878,0.0006382394576632133,333.06674817955445,1.6949956764109397
244,253.024857,234.772853783534,0.001389886272677637,0.2559590373589347,0.000959637391978759,316.63321266958746,1.6787805327061196
393,253.530907,235.27662778258593,0.0014187853726776905,0.1630671748990185,0.0006417367766439176,326.2552139069385,1.8155658709643152
219,254.037968,235.77500474609232,0.0019328015623814422,0.23113659253301694,0.0011482424054220515,303.06255744025765,2.1295234345825347
368,254.546044,236.18604176587834,0.00106009962982019,0.11951377322017999,0.0003824369692070836,356.50548806803533,1.6134680216400055
194,255.055137,236.63582732843972,0.0011523961415698953,0.233932523365213,0.0007519690391068578,330.06565177842316,1.5005787217446753
343,255.565247,237.07320304015497,0.0016100662077079672,0.12320802964630165,0.0003985961230698485,238.20803676473994,1.0899610746255508
169,256.076377,237.51674534792107,0.0013147789959804142,0.20461395638140237,0.0007186754366182953,317.24105943839197,1.5757487591847794
318,256.58853,238.11586705385199,0.0018097727561325126,0.1727984976629288,0.0006780594949382907,258.1639460175037,1.4327380595053514
144,257.101707,238.54508322417047,0.0013515448500267314,0.2865051990578981,0.0011250706510932073,346.48099963894674,1.9238925972038077
293,257.615911,238.93772881532158,0.00104809583803412,0.16573637215658713,0.0005008996402144913,344.5332998602908,1.4727018630263817
119,258.131142,239.41508757142105,0.0011297452136318073,0.26632468341105114,0.0008702404593073236,346.26243995426717,1.6002120776686435
441,258.647405,239.94201233149158,0.001331908118946906,0.14319492717883917,0.0004218508894096934,265.3703190949136,1.1056433876407454
268,259.164699,240.35683897593208,0.0009756774218982831,0.17000330294723487,0.0004850031050443401,351.44298769280675,1.4180610283958641
417,259.683029,240.79892269636346,0.0010374637497129276,0.18481050183177886,0.0005193352200671579,326.1242215097278,1.2960683894496017
243,260.202395,241.24658796969453,0.001168116096598208,0.20827350551234838,0.0006568909511506067,325.6771366689576,1.4526079651047463
392,260.7228,241.7456555159937,0.0010331412480742471,0.1418342641387434,0.000395471046968522,326.22558217170075,1.2864099565715
218,261.244245,242.15749582771386,0.001288361836694722,0.21716738748186556,0.0007678031520289599,332.24737077999043,1.6611675850457068
367,261.766734,242.6720524193566,0.001367754658707374,0.12742637921311994,0.00039687943334598404,276.28806531894367,1.2169199858261897
193,262.290267,243.1512473510593,0.0010398889956324067,0.1855895096410368,0.0005431830666363742,342.20027343482417,1.4164810711170528
342,262.814848,243.64202610502116,0.0010939428672487653,0.13593974829619343,0.0004161243076961652,340.89765363286267,1.4758144830754139
168,263.340477,244.08466119507358,0.0013915029220245175,0.14513000891226244,0.0005544796961048365,335.0647505791722,1.8103059037516018
317,263.867158,244.5511661888007,0.001141546807057102,0.09946559188369096,0.0002909474853773359,313.3068399675954,1.2960234579007428
143,264.394893,245.02172238348078,0.001079268274463675,0.1942203850418352,0.000565495852811451,330.5271379545914,1.3610651767728654
292,264.923683,245.50511347668893,0.0011911921205324412,0.14042160620065655,0.0004236715555602583,310.92725797766417,1.3267266867140264
118,265.45353,245.98631949247084,0.0014663923738868982,0.16034187569341257,0.0005839888887400205,305.52382549024037,1.5738514865826998
440,265.984437,246.46583357557304,0.0008191632145519913,0.08906090293731132,0.0001937161583833469,327.2223615590307,1.0065688998735118
267,266.516406,246.95560946138275,0.0010618879011179076,0.1837481372486456,0.0005405541858937699,342.0915793578255,1.4232679063645273
416,267.049439,247.47032149904248,0.0016170838680109457,0.11736829084076672,0.0004035284640550996,263.0676635095287,1.2790666078148385
242,267.583537,247.9226869263091,0.0012193850637967083,0.20965373050375524,0.0007141243986237267,346.24866356729456,1.6678313801957378
391,268.118705,248.39736711390265,0.0011790377620189121,0.11161455562326662,0.000307545102683792,290.2479495670502,1.1310093560598635
217,268.654942,248.88533993144253,0.0011439276339640764,0.1847687463742761,0.0005988879452593057,352.5847948097297,1.6161320452383792
366,269.192252,249.32774157468538,0.0015346216079678923,0.1190827400449137,0.00043519378384328163,296.8873010987069,1.5344612372000626
192,269.730636,249.77384880394337,0.0010998446267336676,0.16499642453618601,0.00048466210431936593,333.5142842160026,1.3853706108021273
341,270.270098,250.30679823771376,0.0007929005303852031,0.12659211386344374,0.0002832882362458539,353.20997366251186,1.1177895008166818
167,270.810638,250.76087815640014,0.0014758585340739934,0.161364231750258,0.0006118864331437054,322.1884293255274,1.7279769904542974
316,271.352259,251.24881733000126,0.0013650442931514625,0.1129206469105192,0.0003939595835194971,321.0451398406301,1.5839018295278229
142,271.894964,251.73669452184032,0.0008452956602470313,0.20973516095952,0.0005052035558229899,358.66294820855813,1.221754492400213
117,272.983631,252.78672158695866,0.0015317988862510088,0.15991848643203072,0.000604151046700363,311.69403411961554,1.6651677290864921
439,273.529598,253.23826037785136,0.0012382714279678489,0.1557061352093297,0.0005270031541686275,346.13859698865554,1.6569895176919684
266,274.076658,253.73296020114438,0.0008855267953949432,0.16420005252869943,0.00039090338226807956,341.08828801558616,1.1484142849510404
415,274.624811,254.22560194213855,0.0013990177660257814,0.11198850102871626,0.0003949309605910405,320.4415952743993,1.5982331917696424
241,275.17406,254.73031321264125,0.0022612431988152993,0.1300329382216507,0.0006359435480333473,275.43220192248873,1.904809846945311
390,275.724409,255.2656946271197,0.001262907261682355,0.0876961830920708,0.000267132143917068,307.83849164659733,1.3260898669653443
216,276.275857,255.7855055421848,0.0009721332819524117,0.15722965296762687,0.0004582646102895223,383.40080010112325,1.5801986101635834
365,276.828409,256.25324508421306,0.001558580241180814,0.14203966532571727,0.0005797398348325395,335.55971117366096,1.9370350257412452
191,277.382066,256.6705099956624,0.001888835023406649,0.1351140118267033,0.0005958396620807554,299.6057559787743,1.8683995281728818
340,277.93683,257.26835484574207,0.0008151125260403072,0.12309146341559742,0.0002753249101040729,352.98582884290215,1.1165826259353058
166,278.492704,257.7509493300896,0.001413612895373711,0.1705435433074618,0.0006772491852760772,362.0673422286168,2.0335115758523226
315,279.049689,258.18844206519765,0.001910167203512708,0.10770455183381221,0.0004525362553027823,283.917715833289,1.6868510267637513
141,279.607789,258.6333421856943,0.0008765728576027909,0.14215540136034976,0.000368671095263496,382.58456834293764,1.4031587812015884
290,280.167004,259.1467220918972,0.0012370465855858408,0.13406455574237056,0.0004266962342934135,333.37223185392423,1.5005330097218725
116,280.727338,259.76347037179164,0.0023797299281003827,0.1431541443303007,0.0007844584142789478,299.03528374865294,2.3171392724073114
438,281.288793,260.2187915979596,0.0019062680198897125,0.13049800031278652,0.0005831962238673136,305.0486794828598,1.92806900830294
265,281.85137,260.74355039737526,0.0008507835721693201,0.22730317874297254,0.0006421076788606606,432.8787457563186,1.7293518521633133
414,282.415073,261.2345470312502,0.0016525220491197526,0.07141647200818817,0.00025704601010854077,284.5111880689125,1.4482869891366488
240,282.979903,261.74573835650455,0.0020862804385455543,0.1497436526622589,0.0007494261170367234,313.91389324682933,2.2216141984188167
389,283.545863,262.2097791959235,0.0017199327115953694,0.09084990814395136,0.00034484167158902156,289.3208998256341,1.5530017417775124
215,284.112955,262.77384127651254,0.0010298500238779106,0.18489160681426006,0.0005785022390359998,399.13524106386114,1.7659854303617835
364,284.681181,263.24772120434466,0.0018729109979539556,0.09753861305461348,0.00044127886414790804,317.9216338926772,2.0339706875449326
190,285.250543,263.6554578865471,0.0018965171226115486,0.17599547962789652,0.0007995753766153143,315.7509983347439,2.0284632453650335
339,285.821044,264.2819092343893,0.0011679467738134198,0.12445969012871654,0.000348002965015838,316.3504895151424,1.250944460804937
165,286.392686,264.7888266899408,0.001341324004136904,0.22049667681061672,0.0009333606644316693,417.79116928785345,2.5009386411336703
314,286.965472,265.13597550844065,0.0028276705355637505,0.15495688952720688,0.0008825412535885326,266.97820374958275,2.150144731653704
140,287.539403,265.75059748321166,0.0011147453383608616,0.1614252706030418,0.00048637053593532744,359.1336422688582,1.5302435798223981
289,288.114481,266.3230411291574,0.0010961853414491278,0.10328547217520667,0.0003385408773376933,398.17993910228535,1.8457653646047734
115,288.69071,266.847799137358,0.002474794783359026,0.1432639902230554,0.0008026608390362277,301.9911038759605,2.39236435131254
437,289.268092,267.2912505459579,0.0016460126090275444,0.12222183323821434,0.00048183942291245296,320.0786456535882,1.7844761875976247
264,289.846628,267.8253781048035,0.0008452480657971139,0.15471288995064414,0.00040629805520731596,416.0694945231412,1.545280176376998
413,290.426321,268.422615249409,0.002142011904870479,0.11767708679160128,0.0006017524388060744,320.35356358480016,2.3164322892514257
239,291.007174,268.8527710046444,0.0025418927421400777,0.13919321260908907,0.0007597432713544268,288.59756820415527,2.2273521231803732
388,291.589188,269.4394686632128,0.001002142854164381,0.10035465718025752,0.00027317730745297426,365.93656621889573,1.408723921720186
214,292.172367,269.9987036133494,0.001140752376431169,0.19204717414205735,0.0007053551224863887,434.6329061685423,2.2574802452044582
363,292.756711,270.4650774167903,0.0034199865844555264,0.09319453862560885,0.0005878131611802329,249.35516768618638,2.2238751744599146
189,293.342225,270.9671955411371,0.001478223013520831,0.1411182866395504,0.0005705523085539486,370.54840404246977,2.118660043740628
338,293.928909,271.5769628763942,0.001354942900090071,0.09604226186942254,0.0003494245482427219,364.65469475368616,1.8764065490789463
164,294.516767,272.12812386011854,0.0021081463690373337,0.16537985396803687,0.0009026132761308178,352.1977615974617,2.71807198212597
313,295.1058,272.55185727360856,0.0025585865337135793,0.09814591439764414,0.000505317240878398,274.18769566202064,1.9961980041482164
139,295.696012,273.09654481808735,0.0008973866741659541,0.18403625330910606,0.0005288583547814939,437.274967956122,1.777113529847526
288,296.287404,273.7334559733215,0.0018748831750643345,0.12761807761896493,0.0006061418394304204,346.786370672272,2.3297023066761913
114,296.879979,274.16324131910443,0.0023917816581563982,0.13957811098554232,0.0007339371267470836,301.3020802551299,2.2401653702438775
436,297.473739,274.6558544729969,0.0009004307947063605,0.09835647050454802,0.00028054035483936755,435.01180719201307,1.7547235995259376
263,298.068686,275.28444594429084,0.0013984413307102728,0.180835559015511,0.0007362328835493998,400.76603506047553,2.3076957683706314
412,298.664824,275.75196457926666,0.003199083438654907,0.1270939471191353,0.0008316586557171572,281.9708359388283,2.6090056275423703
238,299.262153,276.2007102877612,0.0015299206846454238,0.17600575042161437,0.0007720474590887722,395.93443749885574,2.456066083338075
387,299.860678,276.86443017035134,0.00114877735652347,0.12668980434585742,0.00042008567381529967,399.58353607019404,1.8738160114602556
213,300.460399,277.4743357491973,0.0026552496837095965,0.1499222417122835,0.0009624425097503213,335.3452626892335,3.043914980182346
362,301.06132,277.81892274820575,0.002522772606909203,0.13697692578094056,0.000816630816160356,328.23295610265336,2.767168566554637
188,301.663442,278.47328461476553,0.0009789248536912684,0.15414574854987337,0.0004467990706876337,412.27084424471735,1.6899612348390471
337,302.266769,279.00108494689766,0.0016553710202798911,0.11902388458674372,0.0005490796973373203,388.8309684876633,2.5371136392621194
163,302.871303,279.4550812177926,0.003267895389804761,0.13711256960920606,0.000857355837615952,267.425442033724,2.3653142487678
312,303.477046,280.08044811898947,0.0009678450022468504,0.09367875254180569,0.00024989565956931266,385.97911118770475,1.4561161028958185
138,304.084,280.6817299993653,0.0013881941184192585,0.18395288199208282,0.0007673788719681882,421.75638848798474,2.4882804427412704
287,304.692168,281.1851074715413,0.003092837938036702,0.14296085863536448,0.0009039720355196682,287.51636979910904,2.571662133722644
113,305.301552,281.6004579857068,0.0009729710855276858,0.1978397549172844,0.0006424525460630671,469.9460552290683,2.158260861200817
435,305.912155,282.2201551494707,0.0014305005093775676,0.14228250265272116,0.0005810530141230977,402.83938802637266,2.326534639870493
262,306.523979,282.77058251853913,0.0031455008079804623,0.12809715429254512,0.0008094999602848002,284.1157192066675,2.539645398227181
411,307.137027,283.22737499032667,0.0017724705148189014,0.09917401950320155,0.0004150774439298525,334.40832338650273,1.9794267971860766
237,307.751301,283.8719805343413,0.0009405310367836215,0.18657963471746605,0.0005807420749829631,469.7293984630095,2.06770778901241
386,308.366804,284.38588594050793,0.00329850322072721,0.0895860090921545,0.0005481033307079689,263.6845188637235,2.281079862616457
212,308.983538,284.85565706504644,0.0023036485871421523,0.1585586000065989,0.000852242657132794,332.342173316444,2.5263945711903744
361,309.601505,285.60384056983946,0.0012610777130610202,0.09677592505999272,0.00035530149352092636,415.74230693906946,2.1585938816268775
187,310.220708,286.03735968386354,0.0024003052866314397,0.13255147676111842,0.0007144423626215626,321.17157573082915,2.4482621548577836
336,310.841149,286.5146646059723,0.0029361160456742126,0.1262423182773241,0.0007712359446610252,298.01860773828844,2.5743849536341115
162,311.462831,287.12103267731294,0.001166054434901045,0.1773319188018858,0.0005785691209594736,401.72091929479046,1.853700644983994
311,312.085757,287.77787968144037,0.002571815036730053,0.10826718103681834,0.0006389373645558885,330.14350692435005,2.755129339248831
137,312.709929,288.237644371522,0.0031571513490470868,0.12226021226239236,0.0007717367242653744,288.2025543049995,2.573179163930434
286,313.335348,288.8635718757,0.0013175328624093357,0.13752041543643617,0.00044996690186138065,358.6820992979912,1.6597180756934253
112,313.962019,289.48208106163287,0.001417149089465565,0.20153337479811181,0.0008965069891490442,454.4128704038588,2.8590744451704087
434,314.589943,289.87056662751723,0.0029929713220714833,0.14825439807804847,0.0008895835171576951,290.634021902068,2.466719076783877
261,315.219123,290.4248132914778,0.0009348268631057843,0.19473198446757375,0.0005542391099073519,442.1109897499957,1.7795306716547854
410,315.849561,291.2058855261535,0.0014637510711702488,0.10619808154986982,0.0004883552156384342,457.4767520796096,2.9753635892677246
236,316.48126,291.59990068951697,0.0029999670459254636,0.12890058785445266,0.0007728460390963684,291.3372673966085,2.469911090299185
385,317.114223,292.1207599380345,0.0015811635447107056,0.1155058717345555,0.00046342794150456266,370.63487367839946,2.103050339229036
211,317.748451,292.8571180240133,0.001578859011907252,0.1612928028363839,0.0006961205472045649,400.2896380261403,2.4433001769030307
360,318.383948,293.371064403813,0.003080550304725925,0.10353018141126029,0.0006549167688654085,301.1370486004374,2.6934275593694896
186,319.020716,293.83196004674556,0.001431599235277807,0.19346646108869936,0.0007380474921127872,391.5154384268973,2.1123251644254672
335,319.658758,294.5248188743293,0.0018781440543775149,0.10732024941818365,0.0004197859093946343,306.73769398714455,1.6969776799135674
161,320.298075,295.1596499151544,0.0025195740155314547,0.15661560464914373,0.0009031927183344477,337.731534967073,2.754055324626241
310,320.938671,295.52921302003404,0.0019167880857586638,0.12253696648519453,0.0005199361772883168,327.1031625991248,1.9628514520413147
136,321.580549,296.14938106756864,0.0009958178680180498,0.1919491948133213,0.0005844871315228783,452.76652358852084,1.9496925709810844
285,322.22371,296.808538725286,0.004203494968816143,0.124002670280164,0.000866915723764777,246.76628872987519,2.4393083236689566
111,322.868157,297.26917098208935,0.001855711834987661,0.15515364420357838,0.0006838297665035248,352.995069882668,2.200130123577715
433,323.513893,297.9960082402368,0.001091010613235526,0.1546456933730904,0.0005060784981469517,446.9427393919482,2.068535995741376
260,324.160921,298.59181712866615,0.003021537923529162,0.1337907125471893,0.0008213338745570713,303.2748282730657,2.632583052596446
409,324.809243,299.051983055422,0.002130285219454314,0.10953831102277382,0.0005196339964955112,332.9184701405313,2.233190471595236
235,325.458862,299.6862858436355,0.0008020313975214807,0.20609171919224986,0.0005219794298103851,473.1942245367557,1.6949163292235512
384,326.109779,300.26093599728085,0.002743681586241596,0.08114968829582205,0.0004613154270704717,311.02460780216165,2.5002246634058536
210,326.761999,300.7066552764603,0.002193097256451394,0.16734136291996982,0.0008113020917617007,332.3417171838894,2.278448090264773
359,327.415523,301.392463459209,0.0010663161614929534,0.14685979494537085,0.0004621337776799347,444.7114438074729,1.9790464237018617
185,328.070354,302.0719706051324,0.0032685565650524646,0.12082447045519891,0.0007513918826906995,287.3201862922394,2.5265932567327813
334,328.726495,302.6166450924986,0.0028562302818555285,0.11822340945067074,0.0005949277009407565,266.5542800853193,1.8968133097257174
160,329.383948,303.20821380000586,0.0008233418945126001,0.1795771847684891,0.0004356652593488043,446.73066612098296,1.5327562338016012
309,330.042715,303.96590599428936,0.002955769402859751,0.13258310099278287,0.0008433597463883193,327.14064475598775,2.943365485667757
135,330.702801,304.3674429621311,0.004051375181240024,0.14655764506398702,0.0013085240105570075,335.2748572137294,4.232308502850657
284,331.364206,304.9892874670529,0.00082083562476803,0.16041798867800994,0.00038751001047089106,448.7798819077825,1.533142148722266
110,332.026935,305.55952520096184,0.0029910259790147083,0.10493217465332128,0.0005730676151448976,278.92188951104987,2.153997266317262
432,332.690989,306.11486047231074,0.002015185330734108,0.11604074293114629,0.0004766601720523593,312.00333995944277,1.8125522827939695
259,333.356371,306.64407697612546,0.0008380685632168771,0.19211598018291948,0.0004692926401365431,446.9345741840119,1.544080204780392
408,334.023083,307.15844118415646,0.0024674890008705825,0.10399536883870043,0.000491265512868118,293.99711472651325,1.9639507725388685
234,334.69113,307.67232689384565,0.0017853546517515603,0.15687224412155581,0.0006288893468961684,345.48181125756173,1.958933952540927
383,335.360512,308.53171099335015,0.0010519623455766457,0.11346317023906875,0.00029558672091395584,382.0271549811705,1.407456966746686
209,336.031233,309.0841719881764,0.0026945389906397397,0.10889127945534541,0.000536139819590917,282.36004616488833,1.965925434191386
358,336.703295,309.64992428721746,0.0024147282324745727,0.14175947241283193,0.0007362728908715067,333.04508688982816,2.4464738797721775
184,337.376702,310.1821081851167,0.0021666583719716593,0.1380281877286567,0.0008806076409993585,456.7203360212221,4.12108108498271
159,338.727558,311.10796733829716,0.00181906177422674,0.19558627107347515,0.000985442968256304,430.8657794355532,3.0701693890130586
308,339.405013,312.06286854336963,0.0021965355874140674,0.09645657728224984,0.00041144262317507386,303.0529490870466,1.8283812378482993
134,340.083823,312.6553920861505,0.002490499745992547,0.13412508464795297,0.0006779083099612153,317.28589626080407,2.268089492647707
283,340.763991,313.16468411186423,0.001206660941827626,0.1388972306649081,0.0003906254717624671,364.92872725472677,1.451366104890101
109,341.445519,313.8161991285916,0.001350943967622303,0.16999503088680828,0.0005620147801951197,383.96358056005,1.7951181903904216
431,342.12841,314.56708644643874,0.003218276239156194,0.13751307406421714,0.0007672121673286593,272.72600860650937,2.1522513240100682
258,342.812667,315.15806557715416,0.0016955607427399629,0.09917381237218681,0.00031471867432149775,294.955308854958,1.3238381707356115
407,343.498292,315.8022794651602,0.0013370997862906014,0.13561717556369493,0.00045196486254903427,393.5436045921579,1.8547404376142727
233,344.185289,316.3504913287114,0.0023447615755832507,0.1147264112492744,0.0005279568393473,310.4076996238328,2.0199839701106312
382,344.873659,316.8966452111517,0.001130364577144451,0.12467315691660952,0.00031797319569761055,357.540910699767,1.2897045804744303
208,345.563407,317.63425225914204,0.0016602884995150738,0.1267121354600558,0.0004609149394655747,347.92998415401956,1.7897392463305217
357,346.254534,318.17456374665335,0.0020355871285527446,0.12488762427737905,0.0005186723761370516,324.6005824169673,1.9066139660607526
183,346.947043,318.73969263419025,0.001148565555918548,0.15030545775931575,0.00040361817066381404,372.63535888494533,1.415225816596886
332,347.640937,319.3961004257136,0.0015657447260284513,0.0813050743649028,0.0002723542511819193,341.6463243385458,1.618428453018233
158,348.336219,319.97440515716943,0.002105338585342789,0.13927576309749218,0.000579906281409444,316.38558200572214,1.8629040695665464
307,349.032891,320.603186624487,0.0008680878647521488,0.0992516580751226,0.00020486321020968845,381.1374450008607,1.1125203751253416
133,349.730957,321.2183176541408,0.0018000835101446414,0.1344610563511803,0.0005175952599309026,343.4750247394235,1.869922372320392
282,350.430419,321.76174811398374,0.002186021632985767,0.10822434511209957,0.0004517671211275356,307.159599088301,1.8130369776256057
108,351.13128,322.4239480201398,0.0010601162647429511,0.14094099609896382,0.0003529533876149825,380.8159806308628,1.348662923011894
430,351.833542,323.0728314520489,0.0020525214792685444,0.15683690592321523,0.0006314136805787846,316.83030963325353,1.8038061263552239
257,352.537209,323.60842275788764,0.001359748257749499,0.12179598752631625,0.0003390988307934025,331.289842488205,1.3043771555213919
406,353.242284,324.2300525812334,0.0013170451822189398,0.13839280337014453,0.0004214115947286563,374.8100199450989,1.6140457616360278
232,353.948768,324.9297109857793,0.002697441736582586,0.10886730661255077,0.0005126675619742879,283.5895317108904,1.8884156081977665
381,354.656666,325.5557061738212,0.0016700219488484614,0.10240782314023285,0.00034498578362231614,328.3400239921966,1.5642022423911415
207,355.365979,326.21141748531966,0.001847253245073128,0.11835908846930727,0.00044240074962749026,330.0162393165935,1.7444039633276922
356,356.076711,326.9999635585255,0.0080309899381271,0.04154553964053887,0.0003237478508211288,158.67745362828205,1.74899748889717
182,356.788864,327.0386932635658,0.0019015731005181584,0.12312095547535311,0.00042461288870635703,296.53468152702806,1.4461634091003186
331,357.502442,328.2075371395251,0.0039582531180415576,0.05686038552574663,0.00031404159992727483,229.0162080166742,1.7890502556382233
157,358.217447,328.75942609866377,0.0016304201938767639,0.12321002913827653,0.0003972573814548208,325.11537269003907,1.4826222968447582
306,358.933882,329.3919307661075,0.0013193193197435385,0.09396215593619478,0.0002718229099444511,361.12404081284734,1.477395649920617
132,359.65175,330.0005561958757,0.0016655876769564011,0.10638454405859271,0.0003650765663167108,340.00136235853097,1.6502468891226032
281,360.371053,330.5840843287487,0.0015774443708822456,0.10136231486406969,0.00032924699024503365,340.40635206644413,1.563877968721934
107,361.091795,331.11752973546464,0.0010953632600220955,0.11710523644067589,0.00028479937663366243,367.56871858363814,1.2641591318668746
429,361.813979,331.68056396208544,0.00155386713061516,0.12222974746494426,0.0003981548289833994,347.6390602967033,1.6014020065278427
256,362.537607,332.45912555457187,0.002316001196714718,0.10367260465719683,0.00040759878747368523,282.1699643098531,1.5688158437656834
405,363.262682,333.1356781671927,0.001391706291584941,0.07915716080316684,0.00022311097965750494,337.3359518426502,1.3446184369736909
231,363.989207,333.80735577179746,0.00157449343151297,0.12438584956667725,0.0004050566616132528,345.1761171085456,1.5895601188256916
380,364.717186,334.43086449842787,0.0014979671002755823,0.09864127069654137,0.00032642355590762164,369.3646238163776,1.728460835016699
206,365.44662,335.0531121623643,0.0014824041734955405,0.13416332309503562,0.00041224697976524697,347.21840759387067,1.5087267600454026
355,366.177513,335.7074443836885,0.007024564136936124,0.05631057414309421,0.0007932990575672482,336.4865387646378,6.713376976034001
181,366.909869,336.39484485634904,0.002122345412041825,0.12162941369641887,0.0004779534717914629,311.3973106474966,1.7304052291288885
330,367.643688,337.0171673062098,0.0014752704849925905,0.10755513733855464,0.00032405126040099624,344.14774717113653,1.4664005383713647
156,368.378976,337.6680599735095,0.0017716680582067735,0.1298289389227149,0.00047803798016569265,350.91734433017956,1.8274298146157484
305,369.115734,338.22046016617566,0.0015900324257274458,0.105616939105317,0.00033655285485688217,338.887904222211,1.527103288489851
131,369.853965,338.81076182151844,0.0012142917054193756,0.11537864324326885,0.0003015851688674378,364.6540818331468,1.3479526440501752
280,370.593673,339.4770041194436,0.002012123496501643,0.1214514587090198,0.000457568978076476,317.7801429909843,1.6929813109614975
106,371.33486,340.11821586748687,0.0020019897797622136,0.12391648647299236,0.00047036833468684864,322.47822267023787,1.7312860894631574
428,372.07753,340.8433750528152,0.0016241979791669276,0.12084741419505207,0.0003981552754770031,345.73495963074436,1.6110476946580607
255,372.821685,341.5143493085929,0.0022059676236569985,0.10864125452442472,0.00042757169446921246,304.6690692909027,1.695846465461713
404,373.567328,342.1145701242995,0.0009223460561741072,0.09884672718781125,0.00020168200035044573,378.4220900111303,1.0919833476152792
230,374.314463,342.7824173317789,0.0015264854254275941,0.1472634919092423,0.0004724982357459424,360.2843549203535,1.6349409536949329
379,375.063092,343.4489067259468,0.0023545485797431473,0.0993922527377918,0.00040462483871778616,296.9554630012568,1.7098680161590873
205,375.813218,344.19999040341276,0.001256009175635308,0.10348485776750392,0.00026199374272312153,346.9047204778407,1.2420703895197036
354,376.564845,344.85353020892563,0.0029864083995414085,0.08328727642083032,0.000475164971189989,329.4234705356289,2.6580498582461725
180,377.317974,345.46249244827675,0.0017832199226428332,0.11125062183088806,0.0003775497015356772,328.6784889143025,1.5772602952791765
329,378.07261,346.1767855343909,0.001320438169894334,0.10930152392122773,0.0002919360976461148,350.1103248710458,1.3224412819866895
155,378.828756,346.75661826682887,0.0018907798852887971,0.13595401755277942,0.000506154580761278,341.35473878912666,1.797133125704091
304,379.586413,347.3642350924499,0.0012217366077464647,0.10762751683192959,0.0002544249928438471,336.0606856455317,1.1234985985751722
130,380.345586,348.14571421527324,0.0019279382026195914,0.12132080886013094,0.0004640024938940726,345.3396214120744,1.8679532244684067
279,381.106277,348.71102891589146,0.0017200539167646252,0.08568813298366262,0.00028916921314909504,342.0949228784168,1.6327177340838197
105,381.86849,349.4587261217417,0.0013423641292748198,0.1548752207906977,0.000445360418083936,374.3529970346578,1.5225514194210057
427,382.632227,350.0241905658477,0.0020291387939822035,0.08219720234683581,0.0002874658687575363,301.6252888808398,1.4917549186885155
254,383.397491,350.60525361159046,0.0011706098959756708,0.13801191520971381,0.00035590987102784497,386.18019297199066,1.4083830535361912
403,384.164286,351.49746758495854,0.0019415183648614745,0.09452541735696263,0.0003559068616739259,340.8465944271101,1.8150096012757213
229,384.932615,352.0667066950532,0.0023667447713761882,0.11022961839834394,0.0004586515340881909,309.4282619639844,1.8205518430905856
378,385.70248,352.77643052552116,0.0007553520740890384,0.11873754632774916,0.00020499853226043475,403.158457043664,0.9843464735103825
204,386.473885,353.6250046046404,0.0028166152970574318,0.12146328556086451,0.0006066157540398613,313.56867021658894,2.2150430939194656
353,387.246833,354.2100507552768,0.0021949137573251637,0.10197221115729609,0.0003834907878474065,303.4673357135616,1.61406758073341
179,388.021326,354.96922007618457,0.0012950774029009307,0.1360706719793806,0.00038336473368913947,386.1039197592705,1.5383679685584002
328,388.797369,355.5569206695769,0.0034718798044666376,0.08084718458413143,0.0004001084968072373,253.39235429954127,1.7733441982603404
154,389.574964,356.2394070814739,0.0011975367035696209,0.15267523770229288,0.0003822768584192786,372.44363321840325,1.3188886470311163
303,390.354114,357.000270120305,0.010839152217549004,0.04339503002524583,0.0007964444645515196,302.2161033736548,7.843574349499767
129,391.134822,357.53392305760906,0.0020284776358967375,0.11649428131399865,0.0004578397112783417,346.3003459878946,1.9244953715642465
278,391.917091,358.2089911047449,0.0010651413303079148,0.13470436172697697,0.00036512100009239754,455.79924697032243,1.747267003961015
104,392.700926,358.68580536415084,0.0025139129255947667,0.07354590622647672,0.00027509306754081015,266.8161876800084,1.4112772090230898
426,393.486327,360.1358431184878,0.002570453169406607,0.1286177739925556,0.0006246205639306882,340.22479778556334,2.3367725027888695
253,394.2733,359.88683693985934,0.0017672452889074784,0.16499657463082348,0.0006479440467210365,399.91414041421996,2.2212497496249575
402,395.061847,360.57650801158604,0.007380823753346393,0.07388059430057872,0.0005310770740329082,175.63439155382747,1.7859115045253264
228,395.85197,361.7137610322032,0.0012044820746220561,0.15791263910670786,0.0004553910888942214,433.01315011384236,1.7659683012341756
377,396.643674,362.51207712953624,0.0042216449119432215,0.13302612517792148,0.0008258420615141142,266.5046357365198,2.339505540645701
203,397.436962,363.18941210654515,0.0013291373780772743,0.16417541806158098,0.00048248927252085463,401.56743201707263,1.66913066707456
352,398.231836,363.8965846940227,0.0023500972176112122,0.10719337216737422,0.0004660207095181597,336.61406272582485,2.069722337818408
178,399.028299,364.4420960511119,0.0023849060693565552,0.12468002010550477,0.0005421138324990365,332.1744134922606,2.0423476821689444
327,399.826356,365.2333429729252,0.0019286225911588544,0.08465572901289359,0.00037392295316876186,418.2493504581498,2.6126995947259433
153,400.626009,365.80553983488005,0.0032660444682295893,0.13574357615344343,0.000730144670629387,301.1812371154118,2.290775818643631
302,401.427261,366.4541194105424,0.009802534614994975,0.0503201240678368,0.0010280234410843993,381.99777938299354,11.03974221462087
128,402.230115,367.17504211780425,0.00296713156072519,0.12775949719384255,0.0007422403335023222,359.5036755198606,2.9539802114870635
277,403.034575,367.6638835144015,0.0029844806774001705,0.12422053262074916,0.0006758385775581435,335.1596702018735,2.5790407507381454
103,403.840644,368.8317599428324,0.0019427731952641441,0.13133330718149305,0.000559898477178639,404.6683270037113,2.4397176107150313
425,404.648326,369.32565457441956,0.0033888391671492127,0.10841110668660345,0.0006004742391752892,301.75306725893284,2.3632286085694165
252,405.457622,370.0596525143709,0.0012503738164932998,0.1344408436257593,0.00041949153321851434,461.7241952140869,2.0374213391682057
401,406.268538,370.71665467918154,0.00321414262947787,0.07682700053479022,0.00038668631857080766,290.28621412428646,2.066407790779727
227,407.081075,371.2919339540183,0.0017314826623129166,0.13263077922994565,0.0004917208557104592,397.4755341300766,2.083888326427636
376,407.895237,372.33359851426167,0.0024826661429895166,0.12171214605338838,0.0005883341553358399,362.4606258832851,2.477737982532236
202,408.711027,372.8278748784462,0.0033984295749034314,0.12194097013584834,0.0006717924171872245,302.1628569521191,2.353989444553572
351,409.528449,373.71724370361983,0.0013414963768918844,0.09088715250306127,0.000255855922428586,392.1264006705987,1.5611407111078808
177,410.347506,374.4976119483351,0.0035018319570154955,0.12056282739680747,0.000688455579206791,305.2868161449167,2.465018423610931
326,411.168201,375.0380678683634,0.0014142478086329078,0.07861057399912867,0.0002404791256458881,405.62749426698383,1.7548827324760659
152,411.990538,375.9339857795836,0.002467200982408343,0.13319496361537297,0.0007395975112314156,423.0566027761276,3.322251538750976
301,412.814519,376.31778263247224,0.002717573128045692,0.08813609563845877,0.0004347246809227652,341.48432688703684,2.3818751824870463
127,413.640148,377.26184220181494,0.001793441046145917,0.09586119520194099,0.0003485448221705445,382.44656818654414,1.966644273067545
276,414.467428,378.0772620764617,0.0046303963562789015,0.09762113774338949,0.0006121120357633201,255.937415544669,2.2691483536594492
102,415.296363,378.8518483968402,0.001838672667146325,0.08742601807529449,0.0002686627294980904,316.5566024976065,1.3755972843035924
424,416.126956,379.50378641342854,0.0026175580242029884,0.12034563008377239,0.0006209355940141571,374.09741342034255,2.730115528980004
251,416.95921,379.96328290627133,0.0019325887894103087,0.1304151452959239,0.0005259122678702971,396.4151706807598,2.260710376070131
400,417.793128,380.86254483126214,0.0027892707199102147,0.04320211794385568,0.00020728746984449763,327.5596355599274,2.2225559587623227
226,418.628714,381.4368913345563,0.0028455587163864885,0.12949756181398575,0.000628248475704426,325.135198817137,2.230608248256979
375,419.465972,382.3781580105891,0.0015215236198768383,0.07856029567079162,0.0002533866781312452,405.29494579882896,1.8487242083059174
201,420.304904,383.0142239775872,0.003645226685425209,0.0929451692227651,0.0005155374184647549,291.32540956845713,2.284701226491338
350,421.145513,383.75722027558936,0.0015343083490301438,0.06372910339183088,0.00017968796838467428,352.6030187322895,1.4059667734956904
176,421.987805,384.67091472478097,0.0034436753413321763,0.10711449547066577,0.0006450540922158205,336.391315607251,2.8652200479659715
325,422.83178,385.1166723084168,0.001883226825644265,0.16488234896049,0.0006713529023055696,416.3257400424253,2.3973015587045423
151,423.677444,386.1193964474216,0.002283089885066283,0.12383325647293789,0.0005741690131688412,392.0609352651917,2.570733005919735
300,424.524799,386.5714152133527,0.002074438579409164,0.10466799445359917,0.00040988182179292344,364.8637476586875,2.020597944945339
126,425.373848,387.51853030939753,0.0017693985514576236,0.16325563894838738,0.0006834738518475077,458.51378574412854,2.7150087223792556
275,426.224596,388.0790977347005,0.0042711204991491515,0.09914865206795391,0.000588773834731142,269.7301984727065,2.264842416413556
101,427.077045,389.057196242698,0.0013093139815573505,0.12456422214070821,0.00034292150430106086,408.97707491096924,1.5921399769411018
423,427.931199,389.75489509764543,0.0037264117680740967,0.12320387460452059,0.000707424433264379,300.3464811742669,2.43935676466809
250,428.787062,390.36225827946794,0.001626687069726858,0.13327509229198442,0.00047879471434638705,431.11311068903314,2.1905503639444683
399,429.644636,391.1752035783433,0.0031122822613339042,0.10178062383115535,0.0004370036975570266,269.81402924877256,1.6382685945641642
225,430.503925,391.83650454951646,0.0013261293612066073,0.19144475837915143,0.0005106275204285368,394.00681496009616,1.4860782893719298
